,Parquet,HDF Fixed,HDF Table,HDF Select,CSV,Data
read,0.9125665714286048,29.780536185714222,9.439579485714278,10.780219971428583,6.28175230000001,Mixed
write,3.522504385714293,4.989231442857155,10.780219971428583,10.780219971428583,19.134469671428633,Mixed
size,98761170.0,211191280.0,180357856.0,180357856.0,180357856.0,Mixed
