,Parquet,HDF Fixed,HDF Table,HDF Select,CSV,Data
read,0.5403495142857244,0.3169814714285784,1.7858988714285553,0.6134326571428801,6.40199170000002,Numeric
write,2.2418064285714245,1.270580499999986,0.6134326571428801,0.6134326571428801,30.844450300000013,Numeric
size,196341599.0,160101192.0,160174098.0,160174098.0,160174098.0,Numeric
